date,author,title,url
Aug 12 2013,Natnael G. '15,From One Cambridge To The Other,http://mitadmissions.org/blogs/entry/from-one-cambridge-to-the-other
Aug 11 2013,Rachel D. '16,Healthy Eating Craze,http://mitadmissions.org/blogs/entry/healthy-eating-craze
Aug 6 2013,Lydia K. '14,A Few of my Favorite Things (Counting Blessings),http://mitadmissions.org/blogs/entry/counting-blessings
Aug 5 2013,Anna H. '14,My first music festival,http://mitadmissions.org/blogs/entry/my-first-music-festival
Aug 1 2013,Chris Peterson,Our Essay Questions,http://mitadmissions.org/blogs/entry/our-essay-questions
Jul 30 2013,Anna H. '14,Writing is useful for science.,http://mitadmissions.org/blogs/entry/writing-is-useful-for-science
Jul 29 2013,Natnael G. '15,A Summer of Learning,http://mitadmissions.org/blogs/entry/a-summer-of-learning
Jul 22 2013,Natnael G. '15,A Bit About Me,http://mitadmissions.org/blogs/entry/a-bit-about-me
Jul 22 2013,Chris Peterson,Blogger Application 2013!,http://mitadmissions.org/blogs/entry/blogger-application-2013
Jul 21 2013,Lydia K. '14,Bedbugs (fiction),http://mitadmissions.org/blogs/entry/bedbugs-fiction
Jul 20 2013,Anna H. '14,Ingredients for a black hole: 1. Hydrogen 2. Soda 3. Bottle,http://mitadmissions.org/blogs/entry/ingredients-for-a-black-hole-1.-hydrogen-2.-soda-3.-bottle
Jul 20 2013,Stanley G.,Eastward ho!,http://mitadmissions.org/blogs/entry/eastward-ho
Jul 19 2013,Chris Peterson,hello again,http://mitadmissions.org/blogs/entry/hello-again
Jul 15 2013,Natnael G. '15,HT@MIT: Foodie Edition,http://mitadmissions.org/blogs/entry/htmit-foodie-edition
Jul 15 2013,Rachel D. '16,Wooo Summer,http://mitadmissions.org/blogs/entry/wooo-summer
Jul 12 2013,Kim Hunter '86,There is No Place Like Home,http://mitadmissions.org/blogs/entry/there-is-no-place-like-home
Jul 11 2013,Anna H. '14,Waterfall Camping in Shenandoah National Park,http://mitadmissions.org/blogs/entry/waterfall-camping-in-shenandoah-national-forest
Jul 7 2013,Jenny X. '13,Unpacking Surprises,http://mitadmissions.org/blogs/entry/unpacking-lifes-surprises
Jul 5 2013,Anna H. '14,Disco balls in space,http://mitadmissions.org/blogs/entry/disco-balls-in-space1
Jul 5 2013,Rachel F. '12,A Postcard From The Green Building,http://mitadmissions.org/blogs/entry/a-postcard-from-the-green-building
Jul 5 2013,Anna H. '14,Coworker Shenanigans,http://mitadmissions.org/blogs/entry/coworker-shenanigans
Jul 5 2013,Lydia K. '14,Independence Day Fireworks in Boston,http://mitadmissions.org/blogs/entry/independence-day
Jul 3 2013,Lydia K. '14,All Aboard the Rage Bus,http://mitadmissions.org/blogs/entry/people-on-buses
Jun 26 2013,Chris LaBounty,Tchau! Labs vai para a praia!,http://mitadmissions.org/blogs/entry/tchau-labs-vai-para-a-praia
Jun 24 2013,Elizabeth C. '13,All I Ever Really Needed to Know I Learned in Kindergarten (and at MIT),http://mitadmissions.org/blogs/entry/all-i-ever-really-needed-to-know-i-learned-in-kindergarten-and-at-mit
Jun 18 2013,Hamsika C. '13,Farewell,http://mitadmissions.org/blogs/entry/farewell
Jun 15 2013,Anna H. '14,Summer Decisions,http://mitadmissions.org/blogs/entry/summer-decisions
Jun 15 2013,Anna H. '14,Im sitting on a bus,http://mitadmissions.org/blogs/entry/im-sitting-on-a-bus
Jun 15 2013,Connie H. '15,New York City,http://mitadmissions.org/blogs/entry/new-york-city
Jun 10 2013,Jenny X. '13,How MIT students are trying to change education,http://mitadmissions.org/blogs/entry/how-a-group-of-mit-students-are-trying-to-change-education
Jun 8 2013,Ana V. '15 ,4 Years,http://mitadmissions.org/blogs/entry/four-years
May 31 2013,Lydia K. '14,DNA and How to Extract It,http://mitadmissions.org/blogs/entry/spark-dna-class
May 30 2013,Elizabeth C. '13,"Movie Marathon, Pt. I",http://mitadmissions.org/blogs/entry/movie-marathon-pt.-i
May 25 2013,Anna H. '14,Summer begins,http://mitadmissions.org/blogs/entry/Summer-begins
May 17 2013,Michael C. '16,the journey to PLAYsentations,http://mitadmissions.org/blogs/entry/the-journey-to-playsentations
May 13 2013,Mikey Yang '05,Wait List Decisions 2013,http://mitadmissions.org/blogs/entry/wait-list-update-2013
May 11 2013,Anna H. '14,A last-minute barbecue for hundreds of people,http://mitadmissions.org/blogs/entry/a-last-minute-barbecue-for-hundreds-of-people
May 10 2013,Natasha B. '16,"Sal Khan, Gabriel Abrantes, and the Man in the Shiny Red Satan Suit",http://mitadmissions.org/blogs/entry/sal-khan-gabriel-abrantes-and-the-man-in-the-shiny-red-satan-suit
May 8 2013,Jenny X. '13,Night Vision,http://mitadmissions.org/blogs/entry/night-vision
May 7 2013,Chris LaBounty,Transfer Decisions to be Released Today,http://mitadmissions.org/blogs/entry/transfer-decisions-to-be-released-today
May 4 2013,Natnael G. '15,HT@MIT: Cantab Lounge Poetry Slam,http://mitadmissions.org/blogs/entry/htmit-cantab-lounge-poetry-slam
May 4 2013,Anna H. '14,MIT HSSP and Stanford Splash!,http://mitadmissions.org/blogs/entry/seven-fundamental-questions-and-a-field-trip-to-the-west-coast
May 2 2013,Natasha B. '16,Right NOW,http://mitadmissions.org/blogs/entry/right-now
Apr 30 2013,Lydia K. '14,Random Ceiling Tiles,http://mitadmissions.org/blogs/entry/random-ceiling-tiles
Apr 30 2013,Matt McGann '00,Decision Day Eve,http://mitadmissions.org/blogs/entry/decision-day-eve
Apr 27 2013,Lydia K. '14,Hope for the Axolotl: On the Amphibian Extinction Crisis,http://mitadmissions.org/blogs/entry/hope-for-the-axolotl
Apr 27 2013,Michael C. '16,I GOT TWENTY DOLLARS IN MY POCKET,http://mitadmissions.org/blogs/entry/i-got-twenty-dollars-in-my-pocket
Apr 26 2013,Matt McGann '00,Getting Back to Normal,http://mitadmissions.org/blogs/entry/getting-back-to-normal
Apr 24 2013,Michael C. '16,MIT honors Officer Sean Collier (photoblog),http://mitadmissions.org/blogs/entry/mit-honors-officer-sean-collier
Apr 20 2013,Linh V.  '13,Thoughts. Future. Kindness,http://mitadmissions.org/blogs/entry/thoughts1
Apr 19 2013,Kirsten L. '15 ,Turning on the Light,http://mitadmissions.org/blogs/entry/turning-on-the-light
Apr 19 2013,Matt McGann '00,Tragedy for MIT and Boston,http://mitadmissions.org/blogs/entry/tragedy-for-mit-and-boston
Apr 17 2013,Anna H. '14,"What I wish Id known, and what Im glad I knew",http://mitadmissions.org/blogs/entry/what-i-wish-i-had-known-and-what-im-glad-i-knew
Apr 17 2013,Jess K. '10,Donate for Eric and Ann Whalley,http://mitadmissions.org/blogs/entry/donate-for-eric-and-ann-whalley
Apr 16 2013,Rachel D. '16,On the other side of CPW,http://mitadmissions.org/blogs/entry/on-the-other-side-of-cpw
Apr 16 2013,Michael C. '16,Together.,http://mitadmissions.org/blogs/entry/together
Apr 15 2013,Anna H. '14,MITs Tribute to Boston,http://mitadmissions.org/blogs/entry/mits-tribute-to-boston
Apr 13 2013,Lydia K. '14,Fantasy Feast,http://mitadmissions.org/blogs/entry/fantasy-feast
Apr 13 2013,Anastassia B. '16,retreating and proceeding,http://mitadmissions.org/blogs/entry/new-estaloam-philosophy
Apr 11 2013,Lydia K. '14,CPW at Random Hall!,http://mitadmissions.org/blogs/entry/cpw-at-random-hall
Apr 10 2013,Kim Hunter '86,CPW 2013The Parent Experience!,http://mitadmissions.org/blogs/entry/cpw-2013...the-parent-experience
Apr 9 2013,Anna H. '14,A Letter to CPW Prefrosh,http://mitadmissions.org/blogs/entry/a-letter-to-cpw-prefrosh
Apr 9 2013,Rachel D. '16,AHHH CPW!!,http://mitadmissions.org/blogs/entry/ahhh-cpw
Apr 8 2013,Elizabeth C. '13,Engineering,http://mitadmissions.org/blogs/entry/engineer
Apr 7 2013,Michael C. '16,Freshman FAQs,http://mitadmissions.org/blogs/entry/freshman-faqs
Apr 4 2013,Natnael G. '15,Hidden Treasures @ MIT: Pistol,http://mitadmissions.org/blogs/entry/hidden-treasures-mit-pistol
Apr 4 2013,Chris S. '11,With Apologies to Dr. Seuss,http://mitadmissions.org/blogs/entry/with-apologies-to-dr.-seuss
Apr 2 2013,Beatriz Valdez,"QuestBridge, CPW, and YOU!",http://mitadmissions.org/blogs/entry/questbridge-cpw-and-you
Mar 31 2013,Rachel D. '16,Exploring Boston,http://mitadmissions.org/blogs/entry/exploring-boston
Mar 31 2013,Ana V. '15 ,"August, Airplanes, and why not throw in Spring Break, too?",http://mitadmissions.org/blogs/entry/august-airplanes-and-everything
Mar 22 2013,Anna H. '14,My First Astrophotography,http://mitadmissions.org/blogs/entry/astrophotography
Mar 22 2013,Anna H. '14,"One weekend in New York, two (very different) operas",http://mitadmissions.org/blogs/entry/one-weekend-in-new-york-two-very-different-operas
Mar 21 2013,Elizabeth C. '13,The Craziest of Weeks,http://mitadmissions.org/blogs/entry/the-craziest-of-weeks
Mar 21 2013,Chris LaBounty,Think About This,http://mitadmissions.org/blogs/entry/think-about-this
Mar 19 2013,Natasha B. '16,Fancy Feast & Happy People,http://mitadmissions.org/blogs/entry/fancy-feast-happy-people-all-ive-gotta-do
Mar 19 2013,Kim Hunter '86,Admitted Student Gatherings,http://mitadmissions.org/blogs/entry/admitted-student-gatherings2
Mar 15 2013,Susan Sullivan,After the Award,http://mitadmissions.org/blogs/entry/after-the-award
Mar 15 2013,Kris Guay,More info for Admitted Students,http://mitadmissions.org/blogs/entry/more-info-for-admitted-students
Mar 15 2013,Matt McGann '00,FAQ: Waitlist,http://mitadmissions.org/blogs/entry/faq-waitlist
Mar 14 2013,Chris LaBounty,Decisions Released TODAY @ 6:28 p.m.,http://mitadmissions.org/blogs/entry/decisions-released-today-628-p.m
Mar 13 2013,Anna H. '14,If youre scared of decision day,http://mitadmissions.org/blogs/entry/if-youre-scared-of-decision-day
Mar 12 2013,Mikey Yang '05,As we hurtle towards Pi Day,http://mitadmissions.org/blogs/entry/as-we-hurtle-towards-pi-day
Mar 12 2013,Lydia K. '14,Admissions Decisions and Mystery Hunt,http://mitadmissions.org/blogs/entry/stress-relief
Mar 10 2013,Richard Parker,BREAKING NEWS!,http://mitadmissions.org/blogs/entry/breaking-news
Mar 10 2013,Stanley G.,Jellyfishing,http://mitadmissions.org/blogs/entry/jellyfishing
Mar 7 2013,Anna H. '14,Consilience,http://mitadmissions.org/blogs/entry/consilience
Mar 6 2013,Jenny X. '13,We Eat At Food Trucks,http://mitadmissions.org/blogs/entry/we-eat-at-food-trucks
Mar 3 2013,Anna H. '14,"The Junior Spring Line-Up, Part 1: Classes",http://mitadmissions.org/blogs/entry/the-junior-spring-line-up-part-1-classes
Mar 3 2013,Michael C. '16,Everyone at MIT should take this class.,http://mitadmissions.org/blogs/entry/everyone-at-mit-should-take-this-class
Mar 2 2013,Kirsten L. '15 ,We were worried,http://mitadmissions.org/blogs/entry/we-were-worried
Mar 1 2013,Michael C. '16,"Nate Silver visits MIT (or, do witches exist in real life?)",http://mitadmissions.org/blogs/entry/nate-silver-visits-mit-or-do-witches-exist-in-real-life
Feb 24 2013,Ana V. '15 ,2015 Brass Rat,http://mitadmissions.org/blogs/entry/brassy-rat
Feb 24 2013,Anna H. '14,24 Hours,http://mitadmissions.org/blogs/entry/24-hours
Feb 21 2013,Rachel D. '16,Quarrying Around,http://mitadmissions.org/blogs/entry/quarrying-around
Feb 20 2013,Jenny X. '13,This is it.,http://mitadmissions.org/blogs/entry/this-is-it
Feb 18 2013,Anna H. '14,"A Series of Embarrassing Events, Part 3",http://mitadmissions.org/blogs/entry/a-series-of-embarrassing-events-part-3
Feb 18 2013,Lydia K. '14,Guest Entry: MIT Cycling Team Training Camp,http://mitadmissions.org/blogs/entry/guest-entry-mit-cycling-team-training-camp
Feb 18 2013,Hamsika C. '13,Hitting Rewind on 2013,http://mitadmissions.org/blogs/entry/rewinding-2013
Feb 16 2013,Lydia K. '14,Two Valentines Day Serenades,http://mitadmissions.org/blogs/entry/v-day
Feb 16 2013,Anna H. '14,"A Series of Embarrassing Events, Part 2",http://mitadmissions.org/blogs/entry/a-series-of-embarrassing-events-part-2
